generator,policy,pool_targets,pool_molecules,pool_risk_mean,selected_n,selected_targets,risk_gt_0_5,dock_fast,qed,gnina_cnnscore,gnina_cnnaffinity,vina_redock,aizynth_solved,aizynth_steps_median,aizynth_n
PocketFlow,PB-QED,100,1600,0.6140443209862309,400,100,0.6,0.8425,0.7061259111189334,0.3357231999999999,4.332644299999999,-7.496329999999999,0.5609756097560976,2.0,82
PocketFlow,PB-RC,100,1600,0.6140443209862309,400,100,0.2075,0.955,0.5879819287376853,0.3414265999999999,4.2271115,-7.384689999999999,0.5432098765432098,3.0,81
MolCRAFT,PB-QED,100,1564,0.1424922835003744,400,100,0.0775,0.995,0.6857413972402887,0.79224638540475,5.6453925889745005,-8.051160000000001,0.31,4.0,100
MolCRAFT,PB-RC,100,1564,0.1424922835003744,400,100,0.0,0.9975,0.6654482701873026,0.79584282230775,5.510163068770501,-7.87111,0.32,4.0,100
ExpDiff,PB-QED,100,8703,0.09221855949037099,400,100,0.0375,0.9875,0.7724687294903332,0.7978878456826924,5.826034133244232,-9.24852,0.09,5.0,100
ExpDiff,PB-RC,100,8703,0.09221855949037099,400,100,0.0,0.9975,0.7666035382374881,0.7728076499964286,5.660507129767857,-9.25947,0.1,5.0,100
MolPilot-framefix,PB-QED,50,567,0.9941050919962975,200,50,1.0,0.015,0.6540160996986879,0.0553729999999999,3.32824,-6.890200000000001,0.2,5.0,50
MolPilot-framefix,PB-RC,50,567,0.9941050919962975,200,50,0.985,0.035,0.6511798329322178,0.055373,3.32824,-6.87472,0.2,5.0,50
